{
    "token": "MTEyODAxMTY5NDU0MzczNjk2NA.G2PHDs.37F0f8W99F3c63Iom1JXkJ4aKaeO9uVf2yjz_k",
    "prefix": ".",
    "multilang": {
        "languages": ["English", "Vietnamese"]
    },
    "bot": {
        "description": "--> .help",
        "type": "STREAMING",
        "url": "https://t.me/meowc2apii"
    },
    "admins": [" 1127966225268477962", " 1127966225268477960"],
    "channels": {
        "logs": "1127967725654917166",
        "error": "1127967725654917167"
    },
    "methods": {
    	"layer7": ["TLS", "BYPASS"],
    	"layer4": ["ICMP_FLOOD", "ECHO_FLOOD", "UDP_HEX", "UDP_MIX", "UDP_NOSPF", "UDP_RAID", "UDP_RAND", "UDP_NULL", "UDP_WLST", "BLAZING", "UDP_BPSS", "UDP_OVH", "TCP_UDP", "TCP_KILL", "TCP_ACK", "TCP_PSH", "TCP_SYN", "TCP_RAND", "TELNET", "TCP_VOX", "TCP_XMAS", "method2"]
    },
    "servers": {
    	"servidores": ["trial", "buyer", "admin"]
  	},
    "blacklist": {
        "hosts": ["nasa.gov", "fbi.gov", "gov", "edu"]
    }
}
